"Status","Start Time","Stop Time","Duration in ms","Parent Suite","Suite","Sub Suite","Test Class","Test Method","Name","Description"
"passed","Mon Oct 03 23:02:16 GMT+08:00 2022","Mon Oct 03 23:02:16 GMT+08:00 2022","218","testcases","test_all_cases","TestAllCases","","","用例标题-验证登录失败用例-反例",""
"passed","Mon Oct 03 23:02:19 GMT+08:00 2022","Mon Oct 03 23:02:19 GMT+08:00 2022","145","testcases","test_all_cases","TestAllCases","","","测试sign签名接口",""
"passed","Mon Oct 03 23:02:17 GMT+08:00 2022","Mon Oct 03 23:02:17 GMT+08:00 2022","85","testcases","test_all_cases","TestAllCases","","","用例标题-验证登录失败用例-反例",""
"passed","Mon Oct 03 23:02:17 GMT+08:00 2022","Mon Oct 03 23:02:17 GMT+08:00 2022","76","testcases","test_all_cases","TestAllCases","","","用例标题-验证登录失败用例-反例",""
"passed","Mon Oct 03 23:02:19 GMT+08:00 2022","Mon Oct 03 23:02:19 GMT+08:00 2022","222","testcases","test_all_cases","TestAllCases","","","测试订单列表接口",""
"passed","Mon Oct 03 23:02:17 GMT+08:00 2022","Mon Oct 03 23:02:17 GMT+08:00 2022","86","testcases","test_all_cases","TestAllCases","","","测试订单列表接口",""
"passed","Mon Oct 03 23:02:18 GMT+08:00 2022","Mon Oct 03 23:02:18 GMT+08:00 2022","93","testcases","test_all_cases","TestAllCases","","","base64加密接口",""
"passed","Mon Oct 03 23:02:17 GMT+08:00 2022","Mon Oct 03 23:02:18 GMT+08:00 2022","633","testcases","test_all_cases","TestAllCases","","","验证文件上传成功测试用例",""
"passed","Mon Oct 03 23:02:16 GMT+08:00 2022","Mon Oct 03 23:02:16 GMT+08:00 2022","109","testcases","test_all_cases","TestAllCases","","","用例标题-验证登录成功用例-正例",""
"passed","Mon Oct 03 23:02:19 GMT+08:00 2022","Mon Oct 03 23:02:19 GMT+08:00 2022","119","testcases","test_all_cases","TestAllCases","","","验证登录成功测试用例",""
"passed","Mon Oct 03 23:02:18 GMT+08:00 2022","Mon Oct 03 23:02:19 GMT+08:00 2022","187","testcases","test_all_cases","TestAllCases","","","验证访问成功测试用例",""
"passed","Mon Oct 03 23:02:17 GMT+08:00 2022","Mon Oct 03 23:02:17 GMT+08:00 2022","466","testcases","test_all_cases","TestAllCases","","","验证登录成功测试用例",""
"passed","Mon Oct 03 23:02:18 GMT+08:00 2022","Mon Oct 03 23:02:18 GMT+08:00 2022","189","testcases","test_all_cases","TestAllCases","","","RSA加密接口",""
"passed","Mon Oct 03 23:02:18 GMT+08:00 2022","Mon Oct 03 23:02:18 GMT+08:00 2022","91","testcases","test_all_cases","TestAllCases","","","MD5加密接口",""
"passed","Mon Oct 03 23:02:17 GMT+08:00 2022","Mon Oct 03 23:02:17 GMT+08:00 2022","84","testcases","test_all_cases","TestAllCases","","","订单详情接口用例",""
"passed","Mon Oct 03 23:02:19 GMT+08:00 2022","Mon Oct 03 23:02:19 GMT+08:00 2022","135","testcases","test_all_cases","TestAllCases","","","测试sign签名接口",""
